month,total,eu_eea,us,offshore,other,unassigned,eu_share,g_total,g_eu_eea,g_us,g_offshore,d_eu_share,r_btc
2019-01,638075302,348833179.0,227538506,25079590.0,0.0,36624026.0,0.5466959431067275,,,,,,-0.07440441945863441
2019-02,518216725,235322463.0,192726147,55153017.0,0.0,35015099.0,0.454100478906774,-0.20806276180266892,-0.3936370542505543,-0.16604922739859518,0.7880570816085815,-9.25954641999535,0.10617388807385453
2019-03,519904788,245883277.0,181329024,58307243.0,0.0,34385244.0,0.47293905090945226,0.003252152020117194,0.04390018304933818,-0.060957060613326064,0.05561487279411992,1.8838572002678244,0.07276488861624486
2019-04,729829042,252239040.0,164580570,277342680.0,0.0,35666751.0,0.34561387048776826,0.33916462286418536,0.025520269740926693,-0.09691295566671343,1.5595275311618835,-12.732518042168401,0.25500413189397264
2019-05,1069243072,360157949.0,199757877,437006440.0,0.0,72320805.0,0.33683449388765363,0.3818959501032957,0.35616547312053726,0.19370578062888555,0.45469407832083064,-0.877937660011463,0.48145835901160616
2019-06,1524466377,345860732.0,179503995,944678888.0,0.0,54422762.0,0.22687330938752479,0.3546934433069566,-0.04050649709211385,-0.10690855421366052,0.7708971368609703,-10.996118450012885,0.23188173326580497
2019-07,2172179603,405458935.0,193398242,1535735782.0,0.0,37586644.0,0.18665994949958103,0.3540866566974543,0.1589834130314749,0.07455402906082753,0.4859198132938438,-4.021335988794375,-0.06973338635436654
2019-08,2324807436,439959914.0,207138095,1642713725.0,0.0,34995701.0,0.18924574448066245,0.06790612358310355,0.08166401982626326,0.06863420343096394,0.06733998167533883,0.2585794981081413,-0.048647104545601394
2019-09,2739783676,390039352.0,256141495,2055555527.0,0.0,38047303.0,0.14236136794910956,0.1642417545347925,-0.12043598161911007,0.21234431019285438,0.22419655617904155,-4.688437653155289,-0.1468331548800741
2019-10,3057970754,465196054.0,298779453,2255506828.0,0.0,38488420.0,0.15212573677871086,0.10987257677569673,0.17621130163788834,0.15397567920127386,0.09282856427224573,0.97643688296013,0.09843161794313637
2019-11,3505334296,445858817.0,239379981,2780817645.0,0.0,39277853.0,0.12719437843882037,0.1365343491346529,-0.04245659014068792,-0.2216535177604868,0.20937029623670966,-2.493135833989049,-0.19108743611865364
2019-12,4031447651,525443530.0,269823150,3192565601.0,0.0,43615369.0,0.13033619074023292,0.13983963723683246,0.16424037688581805,0.11971457631864979,0.13807985582129945,0.31418123014125554,-0.048966200108601754
2020-01,3787662054,449519380.0,263740175,3030369393.0,0.0,44033106.0,0.1186799069165319,-0.062376573610631425,-0.1560637574264767,-0.02280231148056089,-0.05214033321460576,-1.1656283823701028,0.2580583119301263
2020-02,3982256251,425341555.0,286132771,3227670078.0,0.0,43111847.0,0.10680918760393453,0.050099599452167354,-0.055286462566904504,0.08149150445060016,0.06307601489276138,-1.1870719312597366,-0.08560541722849635
2020-03,5595825293,674034094.0,431863418,4444965225.0,0.0,44962556.0,0.12045302680252923,0.340172280430334,0.4603881892155748,0.41165343885511874,0.32001150667361244,1.36438391985947,-0.28635599274218393
2020-04,7307368240,735373137.0,455692498,6071265162.0,0.0,45037444.0,0.10063447096789528,0.2668623507130974,0.08709734557740134,0.053708859331976555,0.31179496648054794,-1.9818555834633946,0.2970672757856825
2020-05,8931204714,729813870.0,422677593,7734392017.0,0.0,44321233.0,0.08171505338535005,0.2006681051219168,-0.007588510751428856,-0.07520853860799193,0.2421098673656381,-1.8919417582545228,0.08994560056189904
2020-06,9845780720,944504215.0,424417494,8425657901.0,0.0,51201110.0,0.09592984465735695,0.09749171794268463,0.2578706205816168,0.004107929495635432,0.0856046829447159,1.4214791272006893,-0.03374434926659298
2020-07,10672191807,1113067257.0,432359513,9026122477.0,0.0,100642559.0,0.10429603188633921,0.08059845181652392,0.16421462841096712,0.018539821734261608,0.06884130833885038,0.836618722898226,0.21616801971936894
2020-08,13874713047,1356446534.0,486466131,11752897358.0,0.0,278903024.0,0.09776393424534945,0.26242651618979096,0.19774893863085907,0.11790983335415106,0.2639769231850444,-0.6532097640989762,0.02640465282446769
2020-09,17547498585,2447656278.0,769847151,14048641204.0,0.0,281353952.0,0.13948747544520745,0.23484343086283133,0.590262507808081,0.4590247084228096,0.17842588579083696,4.172354119985801,-0.07454349973950514
2020-10,19142415969,2767146160.0,1131043956,15028668791.0,811830.0,214745232.0,0.14455574283210793,0.08699519525033494,0.12268557648318179,0.384704350134232,0.06743395007207909,0.5068267386900471,0.23971994052221746
2020-11,21578195977,2892835819.0,1054250753,17426053909.0,1026048.0,204029447.0,0.13406291341887186,0.11977675511310792,0.044420751298964944,-0.07031073320414194,0.14800680768418317,-1.0492829413236064,0.3559409231883315
2020-12,24282758451,3498658437.0,1135527830,19391504664.0,1125364.0,255934157.0,0.14407994232038823,0.11808321039879388,0.19014231804124648,0.07426726339388168,0.10686862884374904,1.0017028901516372,0.39189534272235704
2021-01,31671113681,5646774820.0,1813118535,23664713746.0,1605356.0,544901224.0,0.17829416663006672,0.26563845535794783,0.47870496255381667,0.4679507189301688,0.19915000094994184,3.421422430967849,0.12953127639953976
2021-02,45800156239,8362073592.0,3108714651,33722263755.0,2203407.0,604900835.0,0.1825774031940852,0.3688824773418453,0.392621879805759,0.5391610350424614,0.3541731975832967,0.42832365640184666,0.3109186473005572
2021-03,54192322083,10574455208.0,4289102254,38747080862.0,7465248.0,574218511.0,0.1951282912698288,0.16825173697958107,0.23473477297028822,0.3218681009765021,0.13889715559109206,1.2550888075743616,0.26502672715622033
2021-04,75573729143,13685203100.0,8063546710,48289723900.0,9546930.0,5525708502.0,0.18108413141959648,0.332569485259782,0.25787397681807533,0.6312760519524154,0.22016336196107744,-1.404415985023233,-0.017202129310934566
2021-05,95517472111,20342583873.0,10087375687,58873243086.0,9049309.0,6205220156.0,0.2129723852967975,0.23420046010895845,0.396401233173691,0.22393121185895026,0.19816792813532302,3.188825387720101,-0.4377624011223098
2021-06,106133000000,25365457922.0,10806470476,62401807980.0,12479317.0,7546972694.0,0.23899689938096538,0.10538383979914911,0.22067190753442034,0.06886036282820385,0.05820753852953686,2.6024514084167896,-0.06156399430878423
2021-07,108809000000,26860162665.0,12867893756,61569046813.0,12788338.0,7498628931.0,0.2468560750029869,0.024901026995248543,0.05725592295053872,0.17459028001389143,-0.013434991545377528,0.7859175622021514,0.17334990624935287
2021-08,113764000000,26755593574.0,13470235782,64925840263.0,16101689.0,8596430006.0,0.23518506358777821,0.04453207559187433,-0.0039006900554383606,0.045747141608114106,0.053086442072558526,-1.167101141520868,0.12537762358726567
2021-09,122093000000,29978509755.0,14469821965,68737404765.0,25085289.0,8882131053.0,0.24553831714348898,0.07065692223510567,0.11373722641440054,0.0715827423351385,0.05704781682341675,1.0353253555710762,-0.0742555012723809
2021-10,126387000000,32325086042.0,14003522983,69912421554.0,76055776.0,10069505225.0,0.2557627449183856,0.03456557890636347,0.07536280296620035,-0.032756297234172393,0.01694982174266002,1.02244277748966,0.3352719166528324
2021-11,135923000000,36297599850.0,14386256467,72638091113.0,74671891.0,12526475473.0,0.26704531131596565,0.07273992060478207,0.11590803281689332,0.026964399225253288,0.03824611712965975,1.1282566397580074,-0.07529745581407177
2021-12,148821000000,42184537037.0,16052329367,76934938200.0,121851965.0,13527072213.0,0.28345822859005115,0.09065569254644146,0.1503021137191638,0.10958063211879931,0.05747065101650506,1.6412917274085503,-0.20470297135986293
2022-01,155058000000,47307391388.0,15342777643,77654768540.0,133832639.0,14619363873.0,0.30509481218640766,0.0410549990012008,0.11461281645144084,-0.045209119494629135,0.009312852164601537,2.163658359635651,-0.18805479696393057
2022-02,165772000000,52310792540.0,19652828606,78665635461.0,111492513.0,15030999407.0,0.31555867420312234,0.06681410979851776,0.10053615867863996,0.24757642591921325,0.012933449326844482,1.0463862016714676,0.11899628530709627
2022-03,165808000000,51816327516.0,19083192103,80080138486.0,111281302.0,14717454237.0,0.31250800634468784,0.00021714216865831304,-0.009497405488339439,-0.02941332434760824,0.017821456626151644,-0.3050667858434497,0.05049276846167672
2022-04,163914000000,48798988056.0,18866916057,82363188742.0,115642474.0,13769678904.0,0.29771092192247156,-0.011488592402216113,-0.05999572652426721,-0.011398038000130839,0.028110734178937946,-1.4797084422216278,-0.1854636467973343
2022-05,155241000000,52828599238.0,19593116204,72637955016.0,92523642.0,10089130286.0,0.3403005600195825,-0.05436315192093488,0.0793431202197219,0.037768375442162494,-0.12565101694608316,4.258963809711092,-0.17295311898097943
2022-06,150523000000,55197757966.0,18512589681,66480405526.0,70625086.0,10261881844.0,0.3667064698816792,-0.03086285168589953,0.04386963959376189,-0.05672726653413207,-0.08858033108547403,2.6405909862096735,-0.4829455608612516
2022-07,149783000000,54697546070.0,18966510300,65360769204.0,56045063.0,10702003672.0,0.3651785988396547,-0.004928316435758973,-0.009103489087355143,0.024223784211368837,-0.01698503128895723,-0.1527871042024509,0.17342109539852757
2022-08,15008067632,52126907925.0,20428711129,67186816582.0,56170755.0,10278550515.0,3.4732591298999553,-2.3005996813467497,-0.048137564486054885,0.07426651152176333,0.02755482725791225,310.80805310603006,-0.15358774656629315
2022-09,149630000000,49530643192.0,22449776441,67567537311.0,54176194.0,10024937760.0,0.3310208059346388,2.299577681545024,-0.051089749903432846,0.09433933639031977,0.005650603947309207,-314.2238323965317,-0.028020508962155688
2022-10,144063000000,43627458912.0,23092890807,68058402265.0,52281761.0,9231975954.0,0.30283597392807315,-0.03791487629454693,-0.1269047887442163,0.028244156833984846,0.007238542993079022,-2.818483200656563,0.051330731771679794
2022-11,141277000000,43439370274.0,24403677909,65186373801.0,55794826.0,8191427510.0,0.3074765904853585,-0.019528201698669534,-0.004320564613419009,0.055209042027307476,-0.04311573709906469,0.4640616557285371,-0.1737716812353156
2022-12,137535000000,43945814737.0,19069257993,66475452629.0,53205106.0,7991303392.0,0.3195245918275348,-0.026844072032137234,0.011591212703926601,-0.24665634570867567,0.019582289808024456,1.2048001342176262,-0.04039727333828047
2023-01,136004000000,43331357349.0,17378822877,67105315153.0,0.0,8141413714.0,0.31860355099114734,-0.011194133101732007,-0.01408083066033683,-0.09282512025919232,0.0094305071379992,-0.09210408363874434,0.3358861867479277
2023-02,134170000000,41998823141.0,12958991948,70912156513.0,56244732.0,8242298018.0,0.3130269295744205,-0.01357664446586071,-0.031234963670907945,-0.29346248283862764,0.055178625571588924,-0.5576621416726824,6.524479151615026e-05
2023-03,132703000000,34466187248.0,9308934716,79352305567.0,54688195.0,9516547582.0,0.25972425075544636,-0.010994104134681493,-0.19766283376142368,-0.33081524499725745,0.11245562338869064,-5.330267881897416,0.2084643321168258
2023-04,129698000000,30712981542.0,8019045947,81808785484.0,62265939.0,9094767881.0,0.2368038176533177,-0.022904877464657858,-0.11529334692940196,-0.14915520553630657,0.03048713763132227,-2.2920433102128657,0.026290021249350204
2023-05,128429000000,29138454231.0,7064844315,83291846588.0,61810060.0,8872284846.0,0.22688375858256313,-0.009832448551144068,-0.05262666368128066,-0.1266884757750084,0.01796602443977946,-0.9920059070754578,-0.07209312497986708
2023-06,127397000000,28312523416.0,5880925018,83463066123.0,60106245.0,9680335431.0,0.22223854106454627,-0.008068027471782813,-0.028754522768203117,-0.18341691427620432,0.00205354783720324,-0.46452175180168587,0.1119775857544294
2023-07,124622000000,26733336524.0,4889905312,83871471660.0,60821434.0,9064630164.0,0.21451538672144566,-0.02202303920450177,-0.057392884742125005,-0.184541125823948,0.00488131563683325,-0.7723154343100613,-0.041468915921255345
2023-08,123073000000,25937982546.0,4090081825,82799365504.0,47089403.0,10196648081.0,0.2107528259325766,-0.012507480517296443,-0.0302029435549791,-0.17860796373306087,-0.012865129393539121,-0.37625607888690515,-0.11933485690797241
2023-09,122821000000,25707608993.0,3256417695,83334664350.0,0.0,10485488560.0,0.20930955612639532,-0.002049664393791062,-0.008921384153286027,-0.2279372513493847,0.006444202899896112,-0.14432698061812854,0.03886455172868075
2023-10,123169000000,25515297967.0,2828955393,84479823011.0,22363625.0,10322623904.0,0.20715681678831524,0.002829385195795453,-0.007508825289047394,-0.14072020018501874,0.013648123648930977,-0.21527393380800786,0.2512771785805583
2023-11,125940000000,24491787283.0,2440833371,88732431094.0,32229462.0,10243203819.0,0.19447186980308084,0.02224820700027408,-0.04094034414316994,-0.14756799794912467,0.049112724339217095,-1.2684946985234395,0.08434425156224457
2023-12,129045000000,25191746143.0,1550180324,91628965889.0,32278709.0,10641548436.0,0.19521675495369833,0.024355577680825746,0.02817855844297057,-0.453968264254609,0.03212199393350801,0.07448851506174914,0.11366300530185214
2024-01,132740000000,25764995133.0,627688908,95897344647.0,36834379.0,10413596312.0,0.19410121389935212,0.028231146976356314,0.0225003860220383,-0.9040818669055817,0.04553084954826403,-0.11155410543462196,0.007333932163120949
2024-02,137975000000,28237633077.0,458314761,98416143930.0,38760148.0,10823662628.0,0.2046576051965936,0.038680181607787745,0.09163880167808003,-0.314488475148476,0.02592656219389511,1.055639129724148,0.36295905981489796
2024-03,147212000000,31900126273.0,521140469,104841279936.0,42439398.0,9906616226.0,0.21669514898921283,0.064801215385625,0.12195437362563766,0.12846342046044157,0.06324273192033658,1.2037543792619232,0.1533520368665826
2024-04,156941000000,33435559595.0,426882330,110871404977.0,53852902.0,12152972623.0,0.2130454093895158,0.06399621382969656,0.04701002398441645,-0.19951121813673822,0.05592342914510695,-0.3649739599697027,-0.16370269617643807
2024-05,157335000000,32656191124.0,521504761,112069146656.0,51312507.0,12036806904.0,0.20755833809387614,0.00250735154078896,-0.023585533472509468,0.20021000235277242,0.01074504565524137,-0.5487071295639662,0.10804108975219684
2024-06,157812000000,32549358336.0,435480140,112880025201.0,12853595.0,11900855798.0,0.206254013230933,0.0030271610661536386,-0.003276803415577234,-0.18026921133620988,0.0072094691482362805,-0.13043248629431292,-0.07395319317266313
2024-07,158360000000,33833298404.0,402974532,112632422246.0,15090840.0,11446067431.0,0.21364800709775195,0.0034664710900997875,0.03868782213856292,-0.07757582857731293,-0.0021959147470482776,0.7393993866818938,0.030115447391583672
2024-08,165519000000,35271320824.0,405118559,117571744755.0,14446586.0,12229326917.0,0.21309529917411293,0.04421506961513444,0.04162471506442955,0.005306398618703412,0.04291912485505733,-0.0552707923639012,-0.09120283341333746
2024-09,167862000000,36103005579.0,383541860,118988729628.0,44083449.0,12342327787.0,0.2150755119026343,0.014056221421451909,0.023305926425631895,-0.05473099514567892,0.011980038710618146,0.19802127285213633,0.07198330167937783
2024-10,167612000000,34363307906.0,498765586,119545999571.0,36103446.0,13168004347.0,0.20501699106269242,-0.0014904287442760733,-0.04938675442463847,0.2626874504481336,0.004672451334204908,-1.005852083994188,0.10226782703527881
2024-11,185695000000,38952236169.0,442776084,131941303158.0,47204908.0,14311013269.0,0.20976459338700557,0.10245375831784287,0.12534681745512088,-0.11907202930537863,0.09865591969239063,0.47476023243131493,0.31796256541267276
2024-12,199479000000,42867969534.0,522953777,138455469781.0,59022317.0,17573412100.0,0.21489966128765434,0.07160342478338677,0.09578873421755318,0.16642889112626946,0.048191605458200115,0.5135067900648771,-0.03212553779367511
2025-01,209283000000,51538061994.0,538855899,138007739109.0,54939988.0,19143548040.0,0.24626014532475166,0.04797843539700608,0.18419568638099548,0.029955106708872137,-0.0032389920179873855,3.136048403709732,0.09203825708754643
2025-02,220291000000,57034345864.0,577695902,142043446905.0,41488249.0,20593775347.0,0.25890456652337135,0.051261996563546575,0.10133304284810052,0.06959942274396269,0.02882321083874828,1.2644421198619693,-0.19435639224567858
2025-03,224294000000,59459967940.0,1751267705,143186737354.0,38488398.0,19857628595.0,0.26509834387009906,0.018008291687813482,0.041649632997497577,1.1090475984067574,0.008016659070879228,0.6193777346727714,-0.021135127513206342
2025-04,226726000000,61354588558.0,2429161486,145391732147.0,26898097.0,17523533257.0,0.2706111718902993,0.010784548673687055,0.03136668309768709,0.32720620177380155,0.015282066675357697,0.5512828020200256,0.13188075214451445
2025-05,235655000000,60574818789.0,4443766559,152650591723.0,27713722.0,17958016999.0,0.2570487313615243,0.03862663109903508,-0.012790686298025378,0.6039562106064551,0.04871989484166406,-1.3562440528775033,0.10564445803941958
2025-06,241540000000,60834423814.0,4588959634,156743643001.0,33599837.0,19339401985.0,0.25186065999006374,0.024666219794671207,0.004276534719899416,0.032150998202386205,0.026460028161707783,-0.5188071371460545,0.02312697895571425
2025-07,253286000000,63737297536.0,4729433296,163588235639.0,41314719.0,21189881673.0,0.25164161278554675,0.04748419420261385,0.046614099944136456,0.030152045633055735,0.042740888612872396,-0.021904720451698667,0.07729386037564545
2025-08,268343000000,67319438124.0,5140059143,168268797662.0,39554928.0,27574732670.0,0.2508708560461797,0.057746727896454075,0.05467911309446549,0.08325920106595319,0.02821017458653685,-0.07707567393670511,-0.06717092170140049
2025-09,286535000000,74363124337.0,5859821447,174381161411.0,52787734.0,31877718692.0,0.25952544832917446,0.06559467979594302,0.09951115539494282,0.13105454750837353,0.035680799335501945,0.8654592282994755,0.052747318318701275
2025-10,297630000000,77658643047.0,6138281110,183552598643.0,66306584.0,30214643227.0,0.2609234386553775,0.037990411587681905,0.04336267281627926,0.0464256201249853,0.05125778131915837,0.13979903262030247,-0.040433175125665244
2025-11,294455000000,76526221551.0,6030816016,185215471854.0,79757046.0,26603181373.0,0.2598910582296106,-0.010724914271829533,-0.014689403678776358,-0.017662425834632955,0.009018592523808877,-0.10323804257668656,-0.19273240508035094
2025-12,299368000000,79621003939.0,6017883570,187235102149.0,100744764.0,26393684664.0,0.2659636432050186,0.016547395787796404,0.039644479149139045,-0.0021466965582597197,0.01084519789412397,0.6072584975407969,-0.031304142702106574
2026-01,297496000000,75483953095.0,7791741819,187273991332.0,132111920.0,26813873519.0,0.2537309849376126,-0.006272806328745162,-0.05335783474685485,0.25832880061780017,0.00020768084843325596,-1.2232658267405994,-0.10752626270308596
2026-02,296160000000,77736945576.0,8914375709,184454563963.0,116856315.0,24937093805.0,0.26248293346839546,-0.004500930691953897,0.029410542525951655,0.1346007901506283,-0.01516957142455766,0.8751948530782871,-0.1600223801658771
2026-03,301772000000,81516253423.0,8558840291,185479188816.0,127227700.0,26090246730.0,0.2701253046107657,0.018771916531242994,0.04747179446401972,-0.04070052087796583,0.005539518713611358,0.7642371142370263,0.016139512480329188
2026-04,304135000000,80449390745.0,8403161302,190981236109.0,125465905.0,24175871124.0,0.26451868658654876,0.007799916423284259,-0.013174128545824004,-0.018356720426776718,0.02923249687112417,-0.5606618024216969,0.11354398583944203
2026-05,302846000000,78947284060.0,9823286384,189343428859.0,122587467.55,24609088345.0,0.2606845857630611,-0.004247256298661739,-0.01884796097088426,0.156147748175961,-0.008612732883840124,-0.3834100823487674,-0.03600402219437093
2026-06,295842000000,76070964506.0,9942913799,186104317850.0,135027656.85,23588718096.0,0.2571337555384293,-0.023398897454057987,-0.03711369123090691,0.01210438774289102,-0.017255084917596974,-0.35508302246317625,-0.228471035269612
2026-07,290700000000,75212487259.0,8948440137,184367883739.0,132419770.0,22039027396.0,0.2587288863398693,-0.017533720462164837,-0.011349376972628278,-0.10538088571570015,-0.009374235472904502,0.159513080143997,0.07011897114163546
2026-08,298806000000,75803410507.0,9413338618,183508576893.0,134699964.0,21946205521.0,0.25368771211756125,0.027502725813508988,0.00782601398577043,0.050648454630625395,-0.004671722715755777,-0.5041174222308042,0.223495881703899
2026-09,294809000000,77107128635.0,10621762951,183764708490.0,140989515.0,23174271818.0,0.2615494392471058,-0.013466844356845087,0.017052450760893123,0.12077731959681515,0.001394774129874321,0.7861727129544527,0.06198726104309671
2026-10,294538000000,75973269344.0,10520615462,184396350648.0,113689236.82,23534335955.0,0.2579404672538009,-0.0009196619957343444,-0.014814176632338416,-0.009568295365188106,0.0034313394210130355,-0.3608971993304899,0.01386261818797152
