y,term,coef,se_nw,t,p_value,n,r2,nw_lags
g_total,const,0.1643320390781573,0.05372676550759768,3.0586624287836304,0.0022232751780367705,92,0.18617368078988605,3
g_total,rsi_l1,0.006150395747529971,0.050691311025311006,0.1213303744394967,0.9034293624081715,92,0.18617368078988605,3
g_total,att_l1,-0.12088765704107637,0.09551310903649034,-1.2656656061200124,0.20563282694356733,92,0.18617368078988605,3
g_total,btc_l1,0.0017280805840675373,0.19418166674340198,0.008899298337731747,0.9928994809783744,92,0.18617368078988605,3
g_total,y_l1,-0.41080662321213096,0.15228088729815198,-2.697689976075654,0.006982243235584779,92,0.18617368078988605,3
g_total,M_MiCA published,-0.1291304458753752,0.054786129862305244,-2.356991563374171,0.018423665423988295,92,0.18617368078988605,3
g_total,M_MiCA stablecoin titles apply,0.02690978739781738,0.02922179709502765,0.9208806463992703,0.3571127439835846,92,0.18617368078988605,3
g_total,M_GENIUS Act signed,-0.0051270656590557614,0.0357656686533733,-0.1433515953174328,0.8860125093944474,92,0.18617368078988605,3
g_eu_eea,const,0.06307478753502653,0.03277621413463172,1.9244073545510856,0.05430354331133848,92,0.22857332005253028,3
g_eu_eea,rsi_l1,-0.030137146077366693,0.028374904210239655,-1.0621056499105677,0.2881877254759785,92,0.22857332005253028,3
g_eu_eea,att_l1,-0.14652901492226397,0.08187903462755947,-1.789579171136736,0.07352158942247677,92,0.22857332005253028,3
g_eu_eea,btc_l1,0.07009604188984117,0.064761434086443,1.0823732191643192,0.27908672325477246,92,0.22857332005253028,3
g_eu_eea,y_l1,0.31395271848704165,0.1251399046750652,2.508813789671988,0.01211373233565812,92,0.22857332005253028,3
g_eu_eea,M_MiCA published,-0.05417840394639187,0.03169011795546472,-1.7096308704982026,0.08733415338160508,92,0.22857332005253028,3
g_eu_eea,M_MiCA stablecoin titles apply,0.022123527814374294,0.023365088619294337,0.946862568118197,0.3437088141088205,92,0.22857332005253028,3
g_eu_eea,M_GENIUS Act signed,0.015910829202693325,0.020385632736999483,0.7804922912113252,0.43510116325032866,92,0.22857332005253028,3
d_eu_share,const,-2.865948111927283,5.045777469304115,-0.5679893989305356,0.570042166307231,92,0.25385200703586785,3
d_eu_share,rsi_l1,-3.579143547926545,3.4670053898002986,-1.0323443852888576,0.3019108152446429,92,0.25385200703586785,3
d_eu_share,att_l1,-6.256622757243893,9.951554301509823,-0.6287080960101533,0.5295401768596566,92,0.25385200703586785,3
d_eu_share,btc_l1,24.537281343931696,24.624625034976024,0.9964529940691373,0.31903009534089277,92,0.25385200703586785,3
d_eu_share,y_l1,-0.48964590642799094,0.175577159076156,-2.7887790701500568,0.005290714314707259,92,0.25385200703586785,3
d_eu_share,M_MiCA published,0.8526662338418989,4.778263575762444,0.17844688145020196,0.8583720340134054,92,0.25385200703586785,3
d_eu_share,M_MiCA stablecoin titles apply,0.32581018093341574,1.2145920125232659,0.26824660262383765,0.7885095052690378,92,0.25385200703586785,3
d_eu_share,M_GENIUS Act signed,3.0302658877931146,3.6876794964047726,0.8217270212195529,0.41123227677572305,92,0.25385200703586785,3
