month,n_speeches,n_speeches_stablecoin,n_passages,n_restrictive,n_neutral,n_supportive,rsi,ti,attention,rsi_ffill,ti_ffill
2019-01,8,1,6,2,4,0,-0.3333333333333333,-0.16666666666666666,0.125,-0.3333333333333333,-0.16666666666666666
2019-02,11,1,1,0,1,0,0.0,-1.0,0.09090909090909091,0.0,-1.0
2019-03,11,0,0,0,0,0,,,0.0,0.0,-1.0
2019-04,4,0,0,0,0,0,,,0.0,0.0,-1.0
2019-05,13,3,6,2,4,0,-0.3333333333333333,-0.5,0.23076923076923078,-0.3333333333333333,-0.5
2019-06,9,0,0,0,0,0,,,0.0,-0.3333333333333333,-0.5
2019-07,5,1,1,0,1,0,0.0,0.0,0.2,0.0,0.0
2019-08,1,0,0,0,0,0,,,0.0,0.0,0.0
2019-09,11,3,30,14,14,2,-0.4,-0.16666666666666666,0.2727272727272727,-0.4,-0.16666666666666666
2019-10,10,2,2,1,1,0,-0.5,-0.5,0.2,-0.5,-0.5
2019-11,18,1,1,1,0,0,-1.0,-1.0,0.05555555555555555,-1.0,-1.0
2019-12,6,2,11,4,7,0,-0.36363636363636365,-0.09090909090909091,0.3333333333333333,-0.36363636363636365,-0.09090909090909091
2020-01,4,0,0,0,0,0,,,0.0,-0.36363636363636365,-0.09090909090909091
2020-02,15,0,0,0,0,0,,,0.0,-0.36363636363636365,-0.09090909090909091
2020-03,1,0,0,0,0,0,,,0.0,-0.36363636363636365,-0.09090909090909091
2020-04,2,0,0,0,0,0,,,0.0,-0.36363636363636365,-0.09090909090909091
2020-05,5,0,0,0,0,0,,,0.0,-0.36363636363636365,-0.09090909090909091
2020-06,8,0,0,0,0,0,,,0.0,-0.36363636363636365,-0.09090909090909091
2020-07,6,0,0,0,0,0,,,0.0,-0.36363636363636365,-0.09090909090909091
2020-08,2,0,0,0,0,0,,,0.0,-0.36363636363636365,-0.09090909090909091
2020-09,12,1,1,0,1,0,0.0,1.0,0.08333333333333333,0.0,1.0
2020-10,9,1,1,1,0,0,-1.0,0.0,0.1111111111111111,-1.0,0.0
2020-11,14,2,17,10,7,0,-0.5882352941176471,-0.17647058823529413,0.14285714285714285,-0.5882352941176471,-0.17647058823529413
2020-12,4,0,0,0,0,0,,,0.0,-0.5882352941176471,-0.17647058823529413
2021-01,5,0,0,0,0,0,,,0.0,-0.5882352941176471,-0.17647058823529413
2021-02,5,1,1,1,0,0,-1.0,1.0,0.2,-1.0,1.0
2021-03,9,0,0,0,0,0,,,0.0,-1.0,1.0
2021-04,6,0,0,0,0,0,,,0.0,-1.0,1.0
2021-05,4,0,0,0,0,0,,,0.0,-1.0,1.0
2021-06,9,0,0,0,0,0,,,0.0,-1.0,1.0
2021-07,3,0,0,0,0,0,,,0.0,-1.0,1.0
2021-08,1,0,0,0,0,0,,,0.0,-1.0,1.0
2021-09,8,1,3,0,3,0,0.0,0.0,0.125,0.0,0.0
2021-10,11,2,13,5,8,0,-0.38461538461538464,-0.23076923076923078,0.18181818181818182,-0.38461538461538464,-0.23076923076923078
2021-11,18,2,6,1,4,1,0.0,0.16666666666666666,0.1111111111111111,0.0,0.16666666666666666
2021-12,4,1,10,3,7,0,-0.3,-0.2,0.25,-0.3,-0.2
2022-01,3,0,0,0,0,0,,,0.0,-0.3,-0.2
2022-02,11,2,7,1,6,0,-0.14285714285714285,-0.2857142857142857,0.18181818181818182,-0.14285714285714285,-0.2857142857142857
2022-03,10,2,2,1,1,0,-0.5,0.0,0.2,-0.5,0.0
2022-04,10,2,32,9,23,0,-0.28125,-0.09375,0.2,-0.28125,-0.09375
2022-05,6,1,3,1,2,0,-0.3333333333333333,0.3333333333333333,0.16666666666666666,-0.3333333333333333,0.3333333333333333
2022-06,9,2,5,3,2,0,-0.6,-0.6,0.2222222222222222,-0.6,-0.6
2022-07,2,0,0,0,0,0,,,0.0,-0.6,-0.6
2022-08,2,0,0,0,0,0,,,0.0,-0.6,-0.6
2022-09,11,1,4,2,2,0,-0.5,-0.75,0.09090909090909091,-0.5,-0.75
2022-10,2,0,0,0,0,0,,,0.0,-0.5,-0.75
2022-11,13,1,1,1,0,0,-1.0,-1.0,0.07692307692307693,-1.0,-1.0
2022-12,3,2,35,13,22,0,-0.37142857142857144,-0.2857142857142857,0.6666666666666666,-0.37142857142857144,-0.2857142857142857
2023-01,3,0,0,0,0,0,,,0.0,-0.37142857142857144,-0.2857142857142857
2023-02,3,0,0,0,0,0,,,0.0,-0.37142857142857144,-0.2857142857142857
2023-03,9,1,3,1,2,0,-0.3333333333333333,0.3333333333333333,0.1111111111111111,-0.3333333333333333,0.3333333333333333
2023-04,7,0,0,0,0,0,,,0.0,-0.3333333333333333,0.3333333333333333
2023-05,7,1,3,2,1,0,-0.6666666666666666,-0.3333333333333333,0.14285714285714285,-0.6666666666666666,-0.3333333333333333
2023-06,12,1,20,7,13,0,-0.35,-0.3,0.08333333333333333,-0.35,-0.3
2023-07,3,0,0,0,0,0,,,0.0,-0.35,-0.3
2023-08,3,0,0,0,0,0,,,0.0,-0.35,-0.3
2023-09,11,1,3,0,3,0,0.0,0.3333333333333333,0.09090909090909091,0.0,0.3333333333333333
2023-10,6,0,0,0,0,0,,,0.0,0.0,0.3333333333333333
2023-11,10,0,0,0,0,0,,,0.0,0.0,0.3333333333333333
2023-12,2,0,0,0,0,0,,,0.0,0.0,0.3333333333333333
2024-01,2,1,3,0,3,0,0.0,0.0,0.5,0.0,0.0
2024-02,9,2,3,1,2,0,-0.3333333333333333,0.0,0.2222222222222222,-0.3333333333333333,0.0
2024-03,5,0,0,0,0,0,,,0.0,-0.3333333333333333,0.0
2024-04,8,0,0,0,0,0,,,0.0,-0.3333333333333333,0.0
2024-05,5,0,0,0,0,0,,,0.0,-0.3333333333333333,0.0
2024-06,7,0,0,0,0,0,,,0.0,-0.3333333333333333,0.0
2024-07,3,0,0,0,0,0,,,0.0,-0.3333333333333333,0.0
2024-08,2,0,0,0,0,0,,,0.0,-0.3333333333333333,0.0
2024-09,7,2,3,0,3,0,0.0,0.6666666666666666,0.2857142857142857,0.0,0.6666666666666666
2024-10,10,1,1,1,0,0,-1.0,-1.0,0.1,-1.0,-1.0
2024-11,19,0,0,0,0,0,,,0.0,-1.0,-1.0
2024-12,4,0,0,0,0,0,,,0.0,-1.0,-1.0
2025-01,2,0,0,0,0,0,,,0.0,-1.0,-1.0
2025-02,5,0,0,0,0,0,,,0.0,-1.0,-1.0
2025-03,5,1,14,4,8,2,-0.14285714285714285,0.0,0.2,-0.14285714285714285,0.0
2025-04,8,4,9,4,3,2,-0.2222222222222222,-0.5555555555555556,0.5,-0.2222222222222222,-0.5555555555555556
2025-05,6,2,6,1,4,1,0.0,-0.3333333333333333,0.3333333333333333,0.0,-0.3333333333333333
2025-06,14,3,9,5,3,1,-0.4444444444444444,-0.2222222222222222,0.21428571428571427,-0.4444444444444444,-0.2222222222222222
2025-07,4,2,3,1,1,1,0.0,0.6666666666666666,0.5,0.0,0.6666666666666666
2025-08,2,0,0,0,0,0,,,0.0,0.0,0.6666666666666666
2025-09,10,5,13,3,8,2,-0.07692307692307693,-0.23076923076923078,0.5,-0.07692307692307693,-0.23076923076923078
2025-10,14,2,7,4,3,0,-0.5714285714285714,0.2857142857142857,0.14285714285714285,-0.5714285714285714,0.2857142857142857
2025-11,8,1,2,0,2,0,0.0,0.5,0.125,0.0,0.5
2025-12,4,2,8,7,0,1,-0.75,-0.5,0.5,-0.75,-0.5
2026-01,3,1,1,1,0,0,-1.0,1.0,0.3333333333333333,-1.0,1.0
2026-02,10,3,13,4,7,2,-0.15384615384615385,0.15384615384615385,0.3,-0.15384615384615385,0.15384615384615385
2026-03,8,2,4,1,3,0,-0.25,0.0,0.25,-0.25,0.0
2026-04,5,2,2,0,1,1,0.5,0.5,0.4,0.5,0.5
2026-05,14,4,33,9,19,5,-0.12121212121212122,0.030303030303030304,0.2857142857142857,-0.12121212121212122,0.030303030303030304
2026-06,11,4,27,10,15,2,-0.2962962962962963,0.037037037037037035,0.36363636363636365,-0.2962962962962963,0.037037037037037035
2026-07,3,1,1,1,0,0,-1.0,-1.0,0.3333333333333333,-1.0,-1.0
2026-08,3,2,10,1,9,0,-0.1,0.3,0.6666666666666666,-0.1,0.3
2026-09,0,0,0,0,0,0,,,0.0,-0.1,0.3
2026-10,0,0,0,0,0,0,,,0.0,-0.1,0.3
