speaker,n_passages,n_speeches,rsi,share_restrictive,ti
Fabio Panetta,161,23,-0.35403726708074534,0.36024844720496896,-0.18012422360248448
Piero Cipollone,73,26,-0.2465753424657534,0.3972602739726027,-0.0821917808219178
Christine Lagarde,49,13,-0.14285714285714285,0.24489795918367346,0.0
Isabel Schnabel,38,4,-0.3157894736842105,0.3684210526315789,0.10526315789473684
Benoît Cœuré,32,6,-0.375,0.4375,-0.25
Philip R. Lane,17,4,-0.11764705882352941,0.23529411764705882,0.058823529411764705
Luis de Guindos,12,4,-0.4166666666666667,0.4166666666666667,-0.3333333333333333
Yves Mersch,12,3,-0.4166666666666667,0.4166666666666667,-0.25
Frank Elderson,3,3,-0.6666666666666666,0.6666666666666666,0.0
"Christine Lagarde,Philip R. Lane",1,1,0.0,0.0,0.0
Mario Draghi,1,1,-1.0,1.0,0.0
Sabine Lautenschläger,1,1,0.0,0.0,-1.0
