stance,term,count,log_ratio
restrictive,vulnerable,11,2.624073056384206
restrictive,challenge,7,2.2186079482760412
restrictive,size,7,2.2186079482760412
restrictive,undermine,7,2.2186079482760412
restrictive,affected,6,2.0850765556515185
restrictive,concentration,6,2.0850765556515185
restrictive,supervised,6,2.0850765556515185
restrictive,taxation,6,2.0850765556515185
restrictive,functioning,11,1.9309258758242605
restrictive,comprehensive,5,1.9309258758242605
restrictive,deregulation,5,1.9309258758242605
restrictive,ground,5,1.9309258758242605
restrictive,importance,5,1.9309258758242605
restrictive,introduce,5,1.9309258758242605
restrictive,occur,5,1.9309258758242605
neutral,trillion,12,2.552207224994161
neutral,electronic,10,2.3851531403309947
neutral,bridge,7,2.06669940921246
neutral,conference,7,2.06669940921246
neutral,correlation,7,2.06669940921246
neutral,cryptography,7,2.06669940921246
neutral,sources,7,2.06669940921246
neutral,actually,6,1.9331680165879375
neutral,calculations,6,1.9331680165879375
neutral,history,6,1.9331680165879375
neutral,panetta,12,1.8590600444342158
neutral,among,11,1.7790173367606794
neutral,june,11,1.7790173367606794
neutral,ledger,11,1.7790173367606794
neutral,november,11,1.7790173367606794
supportive,reduce,5,1.204302058568059
supportive,countries,6,0.7830885934917546
supportive,access,5,0.22347280555633287
supportive,tokenised,8,-0.10503126141570274
supportive,europe,5,-0.15382142558513578
supportive,within,5,-0.2620350102253681
supportive,cross-border,6,-0.3155236951763545
supportive,currencies,7,-0.3181244768764113
supportive,digital,21,-0.399056807789659
supportive,provide,5,-0.4271147605848169
supportive,payment,16,-0.5742993260824854
supportive,monetary,11,-0.6589163746421409
supportive,european,7,-0.6802391441109625
supportive,use,5,-0.6928179263178222
supportive,need,5,-0.7093472282690332
